Official.Name,n,LONGITUDE,LATITUDE,College.Univ,X,X.1
Abilene Christian University,4,-99.70954,32.46915,Abilene Christian,NA,https://upload.wikimedia.org/wikipedia/en/9/95/Abilene_Christian_Wildcats_Primary_Logo.png
Alabama A & M University,7,-86.568502,34.783368,Alabama A&M,NA,https://upload.wikimedia.org/wikipedia/commons/3/38/AL_Ag_Mech_Univ_logo.png
Alabama State University,7,-86.295677,32.364317,Alabama St.,NA,https://upload.wikimedia.org/wikipedia/en/c/c0/AlabamaStateHornets.png
Albany State University,3,-84.14306,31.571395,Albany State (GA),NA,https://upload.wikimedia.org/wikipedia/en/c/c9/Albany_State_University_Golden_Rams_%28logo%29.png
Albion College,1,-84.746088,42.244603,Albion,NA,https://upload.wikimedia.org/wikipedia/en/0/0d/Albion_College_Shield.png
Alcorn State University,14,-91.142854,31.877216,Alcorn St.,NA,https://upload.wikimedia.org/wikipedia/commons/6/6a/Alcorn.png
American International College,1,-72.558507,42.112708,American Int.,NA,https://upload.wikimedia.org/wikipedia/en/thumb/8/81/AIC_Yellow_Jackets.svg/220px-AIC_Yellow_Jackets.svg.png
Anderson University,2,-82.640205,34.515506,Anderson (IN),NA,https://upload.wikimedia.org/wikipedia/en/5/52/AndersonURavenSpiritMark.png
Anderson University,2,-85.662292,40.112167,Anderson (IN),NA,https://upload.wikimedia.org/wikipedia/en/5/52/AndersonURavenSpiritMark.png
Angelo State University,4,-100.466495,31.44145,Angelo State (TX),NA,https://upload.wikimedia.org/wikipedia/commons/thumb/f/fe/Angelo_State_University_logo.svg/188px-Angelo_State_University_logo.svg.png
Angelo State University,4,-100.466495,31.44145,Angelo St.,NA,https://upload.wikimedia.org/wikipedia/commons/thumb/f/fe/Angelo_State_University_logo.svg/200px-Angelo_State_University_logo.svg.png
Appalachian State University,18,-81.680234,36.214844,Appalachian St.,NA,https://upload.wikimedia.org/wikipedia/commons/thumb/a/a9/Appalachian_State_Mountaineers_logo.svg/152px-Appalachian_State_Mountaineers_logo.svg.png
Arizona State University-Tempe,97,-111.934629,33.422247,Arizona St.,NA,http://cdn.bleacherreport.net/images/team_logos/328x328/arizona_state_football.png
Arkansas State University-Main Campus,17,-90.680478,35.842779,Arkansas St.,NA,https://upload.wikimedia.org/wikipedia/commons/thumb/8/8f/Arkansas_State_Red_Wolves_wordmark.svg/317px-Arkansas_State_Red_Wolves_wordmark.svg.png
Ashland University,1,-82.320621,40.860987,Ashland,NA,https://upload.wikimedia.org/wikipedia/en/thumb/9/92/Ashland_Eagles_logo.svg/198px-Ashland_Eagles_logo.svg.png
Auburn University,114,-85.482782,32.604685,Auburn,NA,https://upload.wikimedia.org/wikipedia/commons/thumb/3/37/AuburnTigers.svg/202px-AuburnTigers.svg.png
Augustana College,1,-90.552402,41.500326,Augustana (SD),NA,https://upload.wikimedia.org/wikipedia/en/7/7d/AugustanaVikings.png
Austin Peay State University,1,-87.354081,36.533319,Austin Peay St.,NA,https://upload.wikimedia.org/wikipedia/commons/thumb/4/4e/Austin_Peay_Athletics_logo.svg/200px-Austin_Peay_Athletics_logo.svg.png
Azusa Pacific University,1,-117.88795,34.130865,Azusa Pacific,NA,https://upload.wikimedia.org/wikipedia/commons/thumb/1/19/Azusa_Pacific_Cougars_logo.svg/150px-Azusa_Pacific_Cougars_logo.svg.png
Ball State University,8,-85.408863,40.198942,Ball St.,NA,https://upload.wikimedia.org/wikipedia/commons/thumb/d/d5/Ball_State_Athletics_wordmark.png/200px-Ball_State_Athletics_wordmark.png
Baylor University,56,-97.119359,31.545956,Baylor,NA,https://upload.wikimedia.org/wikipedia/commons/thumb/c/c4/Baylor_Athletics_logo.svg/100px-Baylor_Athletics_logo.svg.png
Benedictine University,1,-88.095948,41.776395,Benedictine,NA,https://upload.wikimedia.org/wikipedia/en/thumb/b/b8/Benedictine_University_logo.jpg/220px-Benedictine_University_logo.jpg
Bentley University,1,-71.220148,42.388798,Bentley,NA,https://upload.wikimedia.org/wikipedia/en/thumb/1/15/Bentley_University_seal.svg/150px-Bentley_University_seal.svg.png
Bethune-Cookman University,8,-81.031429,29.210193,Bethune-Cookman,NA,https://upload.wikimedia.org/wikipedia/commons/thumb/d/d6/Bethune_Cookman_Wildcats_Script_Logo.png/150px-Bethune_Cookman_Wildcats_Script_Logo.png
Bloomsburg University of Pennsylvania,3,-76.446383,41.007989,Bloomsburg,NA,https://upload.wikimedia.org/wikipedia/en/thumb/8/8b/BU_Huskies_logo.png/150px-BU_Huskies_logo.png
Boise State University,33,-116.205789,43.604403,Boise St.,NA,https://upload.wikimedia.org/wikipedia/commons/thumb/6/61/Boise_State_%22B%22_logo.svg/150px-Boise_State_%22B%22_logo.svg.png
Boston College,63,-71.171488,42.337688,Boston Col.,NA,http://cdn.bleacherreport.net/images/team_logos/328x328/boston_college_football.png
Boston University,5,-71.09984,42.349581,Boston Univ.,NA,https://upload.wikimedia.org/wikipedia/en/thumb/e/e0/Boston_University_Terriers.svg/200px-Boston_University_Terriers.svg.png
Bowling Green State University-Main Campus,12,-83.637531,41.377036,Bowling Green,NA,https://upload.wikimedia.org/wikipedia/commons/thumb/6/67/Bowling_Green_Falcons_wordmark.svg/250px-Bowling_Green_Falcons_wordmark.svg.png
Brigham Young University-Provo,60,-111.649281,40.250851,BYU,NA,https://upload.wikimedia.org/wikipedia/commons/thumb/1/16/BYU_Athletic_Logo.svg/120px-BYU_Athletic_Logo.svg.png
Brown University,3,-71.404467,41.827605,Brown,NA,https://upload.wikimedia.org/wikipedia/commons/thumb/5/5d/Brown_Bears_wordmark.png/100px-Brown_Bears_wordmark.png
Butte College,1,-121.644691,39.649116,Butte JC (CA),NA,https://upload.wikimedia.org/wikipedia/en/1/18/BC_logo.jpg
California State University-Chico,1,-121.846333,39.728003,Cal State-Chico,NA,https://upload.wikimedia.org/wikipedia/en/thumb/6/64/Chico_State_Wildcats_logo.svg/200px-Chico_State_Wildcats_logo.svg.png
California State University-Fresno,59,-119.748258,36.814477,Fresno St.,NA,https://upload.wikimedia.org/wikipedia/en/thumb/a/a3/Fresno_State_Bulldogs_Logo.svg/200px-Fresno_State_Bulldogs_Logo.svg.png
California State University-Fullerton,17,-117.885349,33.883627,Cal State-Fullerton,NA,https://upload.wikimedia.org/wikipedia/commons/thumb/0/0e/Cal_State_Fullerton_Titans_logo.svg/250px-Cal_State_Fullerton_Titans_logo.svg.png
California State University-Long Beach,6,-118.1123,33.782752,Long Beach St.,NA,https://upload.wikimedia.org/wikipedia/commons/thumb/2/29/Long_Beach_State_Athletics_logo.svg/125px-Long_Beach_State_Athletics_logo.svg.png
California State University-Northridge,1,-118.526817,34.23671,Cal State-Northridge,NA,https://upload.wikimedia.org/wikipedia/en/d/df/CalStateNorthridgeMatadors.png
California State University-Sacramento,7,-121.42194,38.55745,Cal State-Sacramento,NA,https://upload.wikimedia.org/wikipedia/en/thumb/b/b1/Sacramento_State_Hornets_Logo.svg/150px-Sacramento_State_Hornets_Logo.svg.png
California State University-Sacramento,7,-121.42194,38.55745,Sacramento St.,NA,https://upload.wikimedia.org/wikipedia/en/thumb/b/b1/Sacramento_State_Hornets_Logo.svg/150px-Sacramento_State_Hornets_Logo.svg.png
California University of Pennsylvania,1,-79.884477,40.066473,California (PA),NA,https://upload.wikimedia.org/wikipedia/en/f/fa/California_University_of_Pennsylvania_%28emblem%29.png
Cameron University,1,-98.434163,34.606487,Cameron,NA,https://upload.wikimedia.org/wikipedia/en/thumb/c/cc/Cameron_Athletics_logo.png/200px-Cameron_Athletics_logo.png
Carson-Newman University,5,-83.492183,36.122224,Carson-Newman,NA,https://upload.wikimedia.org/wikipedia/en/thumb/e/ef/CarsonNewmanEagles.png/200px-CarsonNewmanEagles.png
Case Western Reserve University,1,-81.605769,41.500812,Case Western Reserve,NA,https://upload.wikimedia.org/wikipedia/en/thumb/7/72/Case_Western_Reserve_University_Spartans_logo_mascot.png/150px-Case_Western_Reserve_University_Spartans_logo_mascot.png
Catawba College,1,-80.486575,35.692445,Catawba,NA,https://upload.wikimedia.org/wikipedia/en/thumb/b/b4/CatawbaCollegeAthletics-CFeathers.jpg/220px-CatawbaCollegeAthletics-CFeathers.jpg
Central Connecticut State University,2,-72.770094,41.690258,Central Connecticut St.,NA,https://upload.wikimedia.org/wikipedia/commons/thumb/7/78/Central_Connecticut_Blue_Devils_wordmark.png/250px-Central_Connecticut_Blue_Devils_wordmark.png
Central Michigan University,15,-84.775275,43.591137,Central Michigan,NA,https://upload.wikimedia.org/wikipedia/commons/thumb/2/2a/Central_Michigan_Chippewas_logo.svg/150px-Central_Michigan_Chippewas_logo.svg.png
Central State University,5,-83.876795,39.716465,Central State (OH),NA,https://upload.wikimedia.org/wikipedia/en/thumb/9/9e/Central_State_University_Presidential_Seal.png/150px-Central_State_University_Presidential_Seal.png
Central Washington University,1,-120.537716,47.004957,Central Washington,NA,https://upload.wikimedia.org/wikipedia/en/thumb/b/bb/Central_Washington_Wildcats_logo.svg/200px-Central_Washington_Wildcats_logo.svg.png
Chadron State College,2,-103.002793,42.820672,Chadron St.,NA,https://upload.wikimedia.org/wikipedia/en/thumb/9/9f/CSC_Eagles.png/200px-CSC_Eagles.png
Citadel Military College of South Carolina,5,-79.961399,32.796975,Citadel,NA,https://upload.wikimedia.org/wikipedia/commons/thumb/6/61/The_Citadel_Athletics_script.svg/150px-The_Citadel_Athletics_script.svg.png
Citadel Military College of South Carolina,5,-79.961399,32.796975,The Citadel,NA,https://upload.wikimedia.org/wikipedia/en/thumb/1/1e/The_Citadel_Bulldogs_logo.svg/200px-The_Citadel_Bulldogs_logo.svg.png
Clark Atlanta University,1,-84.412818,33.748772,Clark (GA),NA,https://upload.wikimedia.org/wikipedia/en/0/07/CAUPanthers.png
Clemson University,99,-82.834463,34.677329,Clemson,NA,https://upload.wikimedia.org/wikipedia/commons/thumb/6/6d/Clemson_University_Tiger_Paw_logo.svg/150px-Clemson_University_Tiger_Paw_logo.svg.png
Coastal Carolina University,5,-79.012635,33.794722,Coastal Carolina,NA,https://upload.wikimedia.org/wikipedia/en/thumb/e/ef/Coastal_Carolina_Chanticleers_logo.svg/200px-Coastal_Carolina_Chanticleers_logo.svg.png
Colgate University,2,-75.535,42.8188,Colgate,NA,https://upload.wikimedia.org/wikipedia/commons/thumb/e/ef/Colgate_Raiders_logo.svg/175px-Colgate_Raiders_logo.svg.png
College of William and Mary,11,-76.709417,37.271997,William & Mary,NA,https://upload.wikimedia.org/wikipedia/commons/thumb/a/a3/William_%26_Mary_Tribe_logo.svg/250px-William_%26_Mary_Tribe_logo.svg.png
Colorado Mesa University,4,-108.540281,39.076354,Mesa,NA,https://upload.wikimedia.org/wikipedia/en/e/e7/Colorado_Mesa_University_Mavericks_logo.png
Colorado State University-Fort Collins,33,-105.08083,40.574759,Colorado St.,NA,https://upload.wikimedia.org/wikipedia/commons/thumb/6/60/Colorado_State_Rams_wordmark.png/250px-Colorado_State_Rams_wordmark.png
Columbia University in the City of New York,1,-73.961885,40.808286,Columbia,NA,https://upload.wikimedia.org/wikipedia/en/thumb/6/69/Columbia_Lions_football_logo.png/200px-Columbia_Lions_football_logo.png
Concordia University-Saint Paul,1,-93.154971,44.9502,Concordia-St.Paul (MN),NA,https://upload.wikimedia.org/wikipedia/en/c/c8/ConcordiaGoldenBears.png
Cornell University,4,-76.483489,42.447199,Cornell,NA,https://upload.wikimedia.org/wikipedia/commons/thumb/9/9d/Cornell_%22C%22_logo.svg/100px-Cornell_%22C%22_logo.svg.png
Dartmouth College,2,-72.289951,43.70408,Dartmouth,NA,https://upload.wikimedia.org/wikipedia/commons/thumb/b/b1/Dartmouth_Big_Green.svg/107px-Dartmouth_Big_Green.svg.png
Delaware State University,7,-75.54053,39.187173,Delaware St.,NA,https://upload.wikimedia.org/wikipedia/en/thumb/f/fa/DelawareStateHornets.png/150px-DelawareStateHornets.png
Delta College,2,-83.985943,43.559491,Delta St.,NA,https://upload.wikimedia.org/wikipedia/commons/thumb/0/08/Delta_State_Athletics_logo.png/90px-Delta_State_Athletics_logo.png
Duke University,16,-78.94226,36.00159,Duke,NA,https://upload.wikimedia.org/wikipedia/commons/thumb/6/6b/Duke_text_logo.svg/125px-Duke_text_logo.svg.png
East Carolina University,35,-77.366199,35.606347,East Carolina,NA,https://upload.wikimedia.org/wikipedia/commons/thumb/c/c2/East_Carolina_Pirates_wordmark.png/200px-East_Carolina_Pirates_wordmark.png
East Central University,1,-96.664196,34.773805,East Central (OK),NA,https://upload.wikimedia.org/wikipedia/en/thumb/c/cd/Tigermascotlogo.png/175px-Tigermascotlogo.png
East Stroudsburg University of Pennsylvania,1,-75.172614,40.99622,East Stroudsburg,NA,https://upload.wikimedia.org/wikipedia/en/thumb/6/65/EStroudsWarriors.png/150px-EStroudsWarriors.png
East Tennessee State University,2,-82.366734,36.304077,East Tennessee St.,NA,https://upload.wikimedia.org/wikipedia/commons/thumb/a/ab/East_Tennessee_State_Buccaneers_logo.svg/150px-East_Tennessee_State_Buccaneers_logo.svg.png
Eastern Illinois University,6,-88.175505,39.483017,East. Illinois,NA,https://upload.wikimedia.org/wikipedia/en/thumb/8/86/Eastern_Illinois_Panthers_logo.svg/200px-Eastern_Illinois_Panthers_logo.svg.png
Eastern Kentucky University,17,-84.301356,37.740396,East. Kentucky,NA,https://upload.wikimedia.org/wikipedia/commons/thumb/b/b1/Eastern_Kentucky_Colonels_logo.svg/200px-Eastern_Kentucky_Colonels_logo.svg.png
Eastern Michigan University,5,-83.624499,42.245751,East. Michigan,NA,https://upload.wikimedia.org/wikipedia/commons/thumb/c/c1/Eastern_Michigan_Eagles_logo.svg/150px-Eastern_Michigan_Eagles_logo.svg.png
Eastern New Mexico University-Main Campus,3,-103.348046,34.179015,East. New Mexico,NA,https://upload.wikimedia.org/wikipedia/commons/thumb/a/a1/Eastern_New_Mexico_Greyhounds_logo.svg/150px-Eastern_New_Mexico_Greyhounds_logo.svg.png
Eastern Washington University,11,-117.589371,47.491293,East. Washington,NA,https://uplhttps://upload.wikimedia.org/wikipedia/en/thumb/8/80/Eastern_Washington_Eagles_logo.svg/160px-Eastern_Washington_Eagles_logo.svg.pngoad.wikimedia.org/wikipedia/en/thumb/3/3c/Elon_Phoenix_logo.svg/200px-Elon_Phoenix_logo.svg.png
Eastern West Virginia Community and Technical College,1,-78.93209,39.07539,West Virginia Tech,NA,https://upload.wikimedia.org/wikipedia/en/thumb/7/78/Eastern_WV_Community_%26_Technical_College.png/220px-Eastern_WV_Community_%26_Technical_College.png
Elizabeth City State University,2,-76.210063,36.273539,Elizabeth City St.,NA,https://upload.wikimedia.org/wikipedia/en/thumb/8/83/Ecsu_Viking.png/150px-Ecsu_Viking.png
Elon University,3,-79.505632,36.104149,Elon,NA,https://upload.wikimedia.org/wikipedia/en/thumb/3/3c/Elon_Phoenix_logo.svg/200px-Elon_Phoenix_logo.svg.png
Emporia State University,1,-96.18014,38.414106,Emporia St.,NA,https://upload.wikimedia.org/wikipedia/commons/thumb/5/5e/Emporia_State_Athletics_logo.svg/175px-Emporia_State_Athletics_logo.svg.png
Ferrum College,1,-80.020864,36.926648,Ferrum,NA,https://upload.wikimedia.org/wikipedia/en/9/93/Ferrum-College-Seal.png
Florida Agricultural and Mechanical University,18,-84.285644,30.428554,Florida A&M,NA,https://upload.wikimedia.org/wikipedia/en/thumb/5/54/Florida_A%26M_Rattlers_logo.svg/200px-Florida_A%26M_Rattlers_logo.svg.png
Florida Atlantic University,6,-80.102293,26.372536,Florida Atlantic,NA,https://upload.wikimedia.org/wikipedia/en/thumb/4/40/Florida_Atlantic_Owls_logo.svg/250px-Florida_Atlantic_Owls_logo.svg.png
Florida International University,6,-80.377591,25.757111,Florida International,NA,https://upload.wikimedia.org/wikipedia/en/thumb/d/d9/FIU_Panthers.svg/175px-FIU_Panthers.svg.png
Florida State University,166,-84.294801,30.4421,Florida St.,NA,https://upload.wikimedia.org/wikipedia/en/thumb/d/d5/Florida_State_Seminoles_logo.svg/200px-Florida_State_Seminoles_logo.svg.png
Fordham University,1,-73.889578,40.861183,Fordham,NA,https://upload.wikimedia.org/wikipedia/en/thumb/0/0b/FordhamRams.png/200px-FordhamRams.png
Fort Hays State University,1,-99.340493,38.872436,Fort Hays St.,NA,https://upload.wikimedia.org/wikipedia/en/thumb/4/46/FHSU_Tigers_logo.svg/180px-FHSU_Tigers_logo.svg.png
Fort Valley State University,4,-83.895548,32.538163,Fort Valley St.,NA,https://upload.wikimedia.org/wikipedia/en/thumb/2/27/Fort_Valley_State_University_seal.png/150px-Fort_Valley_State_University_seal.png
Furman University,8,-82.441473,34.920785,Furman,NA,https://upload.wikimedia.org/wikipedia/commons/thumb/a/aa/Furman_Paladins_logo.svg/175px-Furman_Paladins_logo.svg.png
Gardner-Webb University,3,-81.668141,35.24732,Gardner-Webb,NA,https://upload.wikimedia.org/wikipedia/en/thumb/1/1c/GardnerWebbRunninBulldogs.png/220px-GardnerWebbRunninBulldogs.png
Georgia Institute of Technology-Main Campus,63,-84.396019,33.773732,Georgia Tech,NA,https://upload.wikimedia.org/wikipedia/commons/thumb/1/1e/Georgia_Tech_Outline_Interlocking_logo.svg/200px-Georgia_Tech_Outline_Interlocking_logo.svg.png
Georgia Southern University,10,-81.782201,32.427756,Georgia Southern,NA,https://upload.wikimedia.org/wikipedia/en/thumb/2/2a/Georgia_Southern_Eagles_logo.svg/200px-Georgia_Southern_Eagles_logo.svg.png
Georgia State University,1,-84.38667,33.7527,Georgia St.,NA,https://upload.wikimedia.org/wikipedia/en/thumb/3/3b/Georgia_State_Athletics_logo.svg/150px-Georgia_State_Athletics_logo.svg.png
Grambling State University,23,-92.717367,32.522702,Grambling St.,NA,https://upload.wikimedia.org/wikipedia/commons/thumb/0/0d/Grambling_State_Tigers_logo.png/200px-Grambling_State_Tigers_logo.png
Grand Valley State University,3,-85.887519,42.965208,Grand Valley St.,NA,https://upload.wikimedia.org/wikipedia/commons/thumb/d/d2/Grand_Valley_State_Lakers_logo.svg/200px-Grand_Valley_State_Lakers_logo.svg.png
Gustavus Adolphus College,1,-93.971928,44.324968,Gustavus Adolphus,NA,https://upload.wikimedia.org/wikipedia/en/thumb/8/89/Gustavus_Adolphus_College_wordmark.png/220px-Gustavus_Adolphus_College_wordmark.png
Hampton University,14,-76.331108,37.0199,Hampton,NA,https://upload.wikimedia.org/wikipedia/en/thumb/e/ef/Hampton_Pirates_logo.png/150px-Hampton_Pirates_logo.png
Harding University,1,-91.729008,35.249605,Harding,NA,https://upload.wikimedia.org/wikipedia/en/thumb/9/93/HardingBison.png/250px-HardingBison.png
Harvard University,6,-71.118177,42.374429,Harvard,NA,https://upload.wikimedia.org/wikipedia/commons/thumb/7/76/Harvard_Crimson_logo.svg/200px-Harvard_Crimson_logo.svg.png
Henderson State University,2,-93.060313,34.127792,Henderson St.,NA,https://upload.wikimedia.org/wikipedia/en/thumb/c/c4/Henderson_State_Reddies.png/220px-Henderson_State_Reddies.png
Hillsdale College,1,-84.631501,41.931429,Hillsdale,NA,https://upload.wikimedia.org/wikipedia/en/6/6c/Hillsdale_College_seal.jpg
Hobart William Smith Colleges,1,-76.984533,42.857725,Hobart,NA,https://upload.wikimedia.org/wikipedia/en/thumb/a/af/Hobart_%26_William_Smith_Colleges_seals.png/200px-Hobart_%26_William_Smith_Colleges_seals.png
Hofstra University,5,-73.60078,40.715959,Hofstra,NA,https://upload.wikimedia.org/wikipedia/en/thumb/1/12/Hofstra_Pride_logo.svg/200px-Hofstra_Pride_logo.svg.png
Holy Cross College,4,-86.253668,41.699982,Holy Cross,NA,https://upload.wikimedia.org/wikipedia/en/thumb/f/f7/Holy_Cross_College_%28Indiana%29_Athletics_Letter_Logo%2C_HCCAthletics.jpg.png/150px-Holy_Cross_College_%28Indiana%29_Athletics_Letter_Logo%2C_HCCAthletics.jpg.png
Howard College,8,-101.450113,32.252298,Howard,NA,https://upload.wikimedia.org/wikipedia/en/thumb/a/a3/Howard_University_seal.svg/150px-Howard_University_seal.svg.png
Howard Payne University,1,-98.984956,31.716345,Howard Payne,NA,https://upload.wikimedia.org/wikipedia/en/thumb/a/a1/Howard_Payne_University_seal.png/200px-Howard_Payne_University_seal.png
Humboldt State University,3,-124.0814,40.8741,Humboldt St.,NA,https://upload.wikimedia.org/wikipedia/en/thumb/1/1f/Humboldt_State_Lumberjacks.jpg/200px-Humboldt_State_Lumberjacks.jpg
Idaho State University,4,-112.429084,42.864108,Idaho St.,NA,https://upload.wikimedia.org/wikipedia/en/thumb/6/63/Idaho_State_Bengals_logo.svg/200px-Idaho_State_Bengals_logo.svg.png
Illinois State University,9,-88.99234,40.509724,Illinois St.,NA,https://upload.wikimedia.org/wikipedia/en/thumb/f/f8/Illinois_State_Athletics_logo.svg/200px-Illinois_State_Athletics_logo.svg.png
Indiana State University,6,-87.407085,39.46873,Indiana St.,NA,https://upload.wikimedia.org/wikipedia/en/thumb/7/7f/Indiana_State_Sycamores_logo.svg/200px-Indiana_State_Sycamores_logo.svg.png
Indiana University of Pennsylvania-Main Campus,4,-79.159869,40.615589,Indiana (PA),NA,https://upload.wikimedia.org/wikipedia/en/thumb/d/d7/IUPcrimson-hawk.png/100px-IUPcrimson-hawk.png
Indiana University-Bloomington,41,-86.526904,39.166383,Indiana,NA,https://upload.wikimedia.org/wikipedia/commons/thumb/4/47/Indiana_Hoosiers_logo.svg/100px-Indiana_Hoosiers_logo.svg.png
Iowa State University,28,-93.648353,42.026368,Iowa St.,NA,https://upload.wikimedia.org/wikipedia/commons/thumb/f/f9/Iowa_State_Cyclones_logo.svg/200px-Iowa_State_Cyclones_logo.svg.png
Jackson State University,27,-90.20663,32.296781,Jackson St.,NA,https://upload.wikimedia.org/wikipedia/commons/thumb/e/ed/JacksonStateTigers.png/200px-JacksonStateTigers.png
Jacksonville State University,6,-85.766644,33.822128,Jacksonville St.,NA,https://upload.wikimedia.org/wikipedia/en/thumb/2/20/Jacksonville_State_Gamecocks_logo.svg/200px-Jacksonville_State_Gamecocks_logo.svg.png
James Madison University,13,-78.871663,38.435332,James Madison,NA,https://upload.wikimedia.org/wikipedia/commons/thumb/6/6d/James_Madison_University_Athletics_logo.svg/250px-James_Madison_University_Athletics_logo.svg.png
John Carroll University,1,-81.533103,41.488978,John Carroll,NA,https://upload.wikimedia.org/wikipedia/en/thumb/6/6d/Jcu_seal_small.jpg/150px-Jcu_seal_small.jpg
Johnson C Smith University,1,-80.854842,35.243384,Johnson C. Smith,NA,https://upload.wikimedia.org/wikipedia/en/6/6e/JCSmithBulls.png
Kansas State University,56,-96.581077,39.188616,Kansas St.,NA,https://upload.wikimedia.org/wikipedia/en/thumb/1/19/KSUWildcats_logo.svg/200px-KSUWildcats_logo.svg.png
Kent State University at Kent,11,-81.342253,41.146856,Kent St.,NA,https://upload.wikimedia.org/wikipedia/en/thumb/a/a6/Kent_State_athletic_logo.svg/200px-Kent_State_athletic_logo.svg.png
Kentucky State University,3,-84.855488,38.201056,Kentucky St.,NA,https://upload.wikimedia.org/wikipedia/en/thumb/c/cf/KSUThorobreds.png/200px-KSUThorobreds.png
Kutztown University of Pennsylvania,2,-75.785426,40.513705,Kutztown Pennsylvania,NA,https://upload.wikimedia.org/wikipedia/en/thumb/d/dc/KU_Golden_Bears_logo.png/200px-KU_Golden_Bears_logo.png
Lafayette College,1,-75.209058,40.700512,Lafayette,NA,https://upload.wikimedia.org/wikipedia/en/thumb/f/f4/Lafayette_college_leopard_logo.png/200px-Lafayette_college_leopard_logo.png
Lamar University,2,-94.073389,30.044274,Lamar,NA,https://upload.wikimedia.org/wikipedia/en/thumb/7/7a/Lamar_Cardinals_logo.svg/200px-Lamar_Cardinals_logo.svg.png
Lane College,1,-88.806832,35.628197,Lane College,NA,https://upload.wikimedia.org/wikipedia/en/thumb/a/ac/LaneDragons.png/220px-LaneDragons.png
Langston University,3,-97.260263,35.943953,Langston,NA,https://upload.wikimedia.org/wikipedia/en/thumb/d/df/Langstonuniversitylogo.png/100px-Langstonuniversitylogo.png
Lehigh University,2,-75.378887,40.607158,Lehigh,NA,https://upload.wikimedia.org/wikipedia/en/thumb/e/ef/LUwithShield-CMYK.svg/150px-LUwithShield-CMYK.svg.png
Lenoir-Rhyne University,2,-81.326161,35.73904,Lenoir-Rhyne,NA,https://upload.wikimedia.org/wikipedia/en/1/10/Lenoir-Rhyne_Athletic_Logo.png
Liberty University,6,-79.179688,37.350345,Liberty,NA,https://upload.wikimedia.org/wikipedia/en/c/c7/Liberty_University_seal.png
Lindenwood University,1,-90.502825,38.788203,Lindenwood,NA,https://upload.wikimedia.org/wikipedia/en/thumb/7/74/Lindenwood_Lions_logo.svg/200px-Lindenwood_Lions_logo.svg.png
LIU Post,2,-73.593279,40.820043,C.W. Post,NA,https://upload.wikimedia.org/wikipedia/en/8/8a/PostPioneers.png
Livingstone College,7,-80.484459,35.670743,Livingstone,NA,https://upload.wikimedia.org/wikipedia/en/b/b2/LivingstoneBlueBears.png
Livingstone College,7,-80.484459,35.670743,Southern,NA,https://upload.wikimedia.org/wikipedia/en/b/b2/LivingstoneBlueBears.png
Louisiana State University-System Office,134,-91.169552,30.414805,LSU,NA,https://upload.wikimedia.org/wikipedia/commons/thumb/f/fc/Louisiana_State_University_%28block_logo%29.svg/250px-Louisiana_State_University_%28block_logo%29.svg.png
Louisiana Tech University,20,-92.64964,32.525518,Louisiana Tech,NA,https://upload.wikimedia.org/wikipedia/en/thumb/c/cb/LA_Tech_Athletics_Logo.svg/200px-LA_Tech_Athletics_Logo.svg.png
Marist College,1,-73.934342,41.721955,Marist,NA,https://upload.wikimedia.org/wikipedia/en/thumb/4/4b/Marist_College_Seal_-_Vector.svg/150px-Marist_College_Seal_-_Vector.svg.png
Mars Hill University,1,-82.550859,35.825858,Mars Hill,NA,https://upload.wikimedia.org/wikipedia/en/thumb/2/2e/MarsHillCollege_Seal.png/150px-MarsHillCollege_Seal.png
Marshall University,17,-82.43065,38.42261,Marshall,NA,https://upload.wikimedia.org/wikipedia/commons/thumb/4/4f/Marshall_Thundering_Herd_logo.svg/200px-Marshall_Thundering_Herd_logo.svg.png
McNeese State University,7,-93.215648,30.180762,McNeese St.,NA,https://upload.wikimedia.org/wikipedia/en/thumb/f/f7/McNeese_State_Athletics_logo.svg/150px-McNeese_State_Athletics_logo.svg.png
Miami University-Oxford,17,-84.731821,39.509642,Miami (OH),NA,https://upload.wikimedia.org/wikipedia/commons/thumb/b/b4/Miami_Redhawks_logo.svg/200px-Miami_Redhawks_logo.svg.png
Michigan State University,102,-84.476111,42.73212,Michigan St.,NA,https://upload.wikimedia.org/wikipedia/en/thumb/e/ee/Michigan_State_Spartan_Helmet.svg/175px-Michigan_State_Spartan_Helmet.svg.png
Michigan Technological University,2,-88.546403,47.1183,Michigan Tech,NA,https://upload.wikimedia.org/wikipedia/en/thumb/d/d6/Michigan_Tech_Athletics_logo.svg/200px-Michigan_Tech_Athletics_logo.svg.png
Middle Tennessee State University,12,-86.362094,35.849139,Middle Tenn. St.,NA,https://upload.wikimedia.org/wikipedia/commons/thumb/4/4e/Middle_Tennessee_Athletics_logo.svg/200px-Middle_Tennessee_Athletics_logo.svg.png
Midwestern State University,1,-98.51774,33.877143,Midwestern St.,NA,https://upload.wikimedia.org/wikipedia/commons/thumb/2/2a/Midwestern_State_Mustangs_logo.png/200px-Midwestern_State_Mustangs_logo.png
Millikin University,1,-88.974571,39.842604,Millikin,NA,https://upload.wikimedia.org/wikipedia/commons/thumb/a/ac/Millikin_University_wordmark.png/250px-Millikin_University_wordmark.png
Minnesota State University-Mankato,1,-93.998494,44.147253,Mankato St.,NA,https://upload.wikimedia.org/wikipedia/en/thumb/1/15/MSUM_Mavericks.svg/150px-MSUM_Mavericks.svg.png
Mississippi College,2,-90.330452,32.334565,Mississippi Col.,NA,https://upload.wikimedia.org/wikipedia/en/thumb/5/57/Mississippi_College_Choctaws_logo.png/200px-Mississippi_College_Choctaws_logo.png
Mississippi State University,65,-88.788979,33.454809,Mississippi St.,NA,https://upload.wikimedia.org/wikipedia/commons/thumb/3/36/Mississippi_State_Bulldogs_logo.svg/150px-Mississippi_State_Bulldogs_logo.svg.png
Mississippi Valley State University,7,-90.341274,33.514142,Miss. Valley St.,NA,https://upload.wikimedia.org/wikipedia/commons/thumb/9/90/Mississippi_Valley_State_Athletics_logo.png/175px-Mississippi_Valley_State_Athletics_logo.png
Missouri Southern State University,3,-94.460893,37.095722,Missouri Southern,NA,https://upload.wikimedia.org/wikipedia/en/thumb/2/26/Missouri_Southern_Lions_logo.svg/175px-Missouri_Southern_Lions_logo.svg.png
Missouri State University-West Plains,1,-91.857838,36.729574,Missouri State,NA,https://upload.wikimedia.org/wikipedia/en/thumb/4/4e/Missouri_State_Athletics_logo.svg/200px-Missouri_State_Athletics_logo.svg.png
Missouri Western State University,3,-94.785643,39.7575,Missouri West.,NA,https://upload.wikimedia.org/wikipedia/en/thumb/4/4b/Missouri_Western_Griffons_logo.svg/200px-Missouri_Western_Griffons_logo.svg.png
Monmouth University,1,-74.006447,40.280066,Monmouth,NA,https://upload.wikimedia.org/wikipedia/en/thumb/a/aa/Monmouth_Athletics_Primary_2014.png/200px-Monmouth_Athletics_Primary_2014.png
Montana State University,7,-111.049918,45.666829,Montana St.,NA,https://upload.wikimedia.org/wikipedia/en/thumb/2/2f/Montana_State_Bobcats_logo.svg/200px-Montana_State_Bobcats_logo.svg.png
Morehead State University,1,-83.429742,38.188462,Morehead St.,NA,https://upload.wikimedia.org/wikipedia/en/thumb/1/12/Morehead_State_Eagles_logo.svg/200px-Morehead_State_Eagles_logo.svg.png
Morehouse College,1,-84.415156,33.74793,Morehouse,NA,https://upload.wikimedia.org/wikipedia/en/thumb/1/1d/MorehouseTigers.png/220px-MorehouseTigers.png
Murray State College,6,-96.677906,34.222949,Murray St.,NA,https://upload.wikimedia.org/wikipedia/en/thumb/c/c9/Murray_State_Racers_logo.svg/150px-Murray_State_Racers_logo.svg.png
New Mexico State University-Main Campus,12,-106.747841,32.282875,New Mexico St.,NA,https://upload.wikimedia.org/wikipedia/en/thumb/c/c3/New_Mexico_State_Aggies_Logo.svg/200px-New_Mexico_State_Aggies_Logo.svg.png
Newberry College,1,-81.601966,34.286201,Newberry,NA,https://upload.wikimedia.org/wikipedia/en/3/36/NewberryWolves.png
Nicholls State University,11,-90.802906,29.792689,Nicholls St.,NA,https://upload.wikimedia.org/wikipedia/en/thumb/b/bb/Nicholls_State_Colonels_logo.svg/250px-Nicholls_State_Colonels_logo.svg.png
Norfolk State University,4,-76.26393,36.848262,Norfolk St.,NA,https://upload.wikimedia.org/wikipedia/en/thumb/a/a6/NorfolkStateSpartans.png/200px-NorfolkStateSpartans.png
North Carolina A & T State University,10,-79.770152,36.076737,North Carolina A&T,NA,https://upload.wikimedia.org/wikipedia/commons/thumb/6/62/NCA%26T_Interlock_Lettermark.png/150px-NCA%26T_Interlock_Lettermark.png
North Carolina Central University,4,-78.898602,35.974237,North Carolina Central,NA,https://upload.wikimedia.org/wikipedia/en/thumb/a/ae/NCCU_Eagles_logo.png/200px-NCCU_Eagles_logo.png
North Carolina State University at Raleigh,69,-78.674517,35.785111,North Carolina St.,NA,https://upload.wikimedia.org/wikipedia/commons/thumb/e/e1/North_Carolina_State_University_Athletic_logo.svg/120px-North_Carolina_State_University_Athletic_logo.svg.png
North Dakota State University-Main Campus,11,-96.805689,46.894523,North Dakota St.,NA,https://upload.wikimedia.org/wikipedia/en/thumb/7/74/North_Dakota_State_Bison_logo.svg/200px-North_Dakota_State_Bison_logo.svg.png
Northeastern University,4,-71.088782,42.339992,Northeastern,NA,https://upload.wikimedia.org/wikipedia/commons/thumb/6/6c/Northeastern_Huskies_logo.svg/150px-Northeastern_Huskies_logo.svg.png
Northern Arizona University,15,-111.657653,35.180095,Northern Arizona,NA,https://upload.wikimedia.org/wikipedia/commons/thumb/4/4f/Northern_Arizona_Athletics_logo.svg/200px-Northern_Arizona_Athletics_logo.svg.png
Northern Illinois University,18,-88.766065,41.933791,Northern Illinois,NA,https://upload.wikimedia.org/wikipedia/en/thumb/8/87/Northern_Illinois_Huskies_logo.svg/150px-Northern_Illinois_Huskies_logo.svg.png
Northern Michigan University,2,-87.403857,46.558037,Northern Michigan,NA,https://upload.wikimedia.org/wikipedia/en/thumb/5/55/Northern_Michigan_Wildcats_logo.svg/200px-Northern_Michigan_Wildcats_logo.svg.png
Northwest Missouri State University,6,-94.884341,40.352706,NW Missouri St.,NA,https://upload.wikimedia.org/wikipedia/en/thumb/f/fa/Northwest_Missouri_State_Bearcats_logo.svg/200px-Northwest_Missouri_State_Bearcats_logo.svg.png
Northwest Missouri State University,6,-94.884341,40.352706,NE Missouri St.,NA,https://upload.wikimedia.org/wikipedia/en/thumb/f/fa/Northwest_Missouri_State_Bearcats_logo.svg/200px-Northwest_Missouri_State_Bearcats_logo.svg.png
Northwestern Oklahoma State University,3,-98.667596,36.796313,NW Oklahoma St.,NA,https://upload.wikimedia.org/wikipedia/en/thumb/0/0e/NWOSU_Rangers.png/200px-NWOSU_Rangers.png
Northwestern Oklahoma State University,3,-98.667596,36.796313,NE Oklahoma,NA,https://upload.wikimedia.org/wikipedia/en/thumb/0/0e/NWOSU_Rangers.png/200px-NWOSU_Rangers.png
Northwestern State University of Louisiana,13,-93.097715,31.750675,NW State (LA),NA,https://upload.wikimedia.org/wikipedia/commons/thumb/3/3d/Northwestern_State_Demons_logo.svg/250px-Northwestern_State_Demons_logo.svg.png
Northwestern University,42,-87.673653,42.058377,Northwestern,NA,https://upload.wikimedia.org/wikipedia/commons/thumb/7/7c/Northwestern_Wildcats_logo.svg/120px-Northwestern_Wildcats_logo.svg.png
Occidental College,1,-118.210783,34.126224,Occidental,NA,http://cdn.herosports.com/upload/occidental-logo.png
Ohio State University-Main Campus,148,-83.009001,39.998389,Ohio St.,NA,https://upload.wikimedia.org/wikipedia/commons/thumb/8/84/2013_Ohio_State_Buckeyes_logo.svg/175px-2013_Ohio_State_Buckeyes_logo.svg.png
Ohio University-Main Campus,6,-82.101064,39.326799,Ohio,NA,https://upload.wikimedia.org/wikipedia/en/thumb/7/78/Ohio_Bobcats_logo.svg/200px-Ohio_Bobcats_logo.svg.png
Oklahoma State University-Main Campus,45,-97.069743,36.123085,Oklahoma St.,NA,https://upload.wikimedia.org/wikipedia/commons/thumb/d/d6/Oklahoma_State_University_Athletics_logo.svg/200px-Oklahoma_State_University_Athletics_logo.svg.png
Oregon State University,46,-123.274721,44.56274,Oregon St.,NA,https://upload.wikimedia.org/wikipedia/en/thumb/5/58/Oregon_State_Athletics_logo.svg/200px-Oregon_State_Athletics_logo.svg.png
Pacific Lutheran University,1,-122.445372,47.145494,Pacific Lutheran,NA,https://upload.wikimedia.org/wikipedia/en/thumb/3/3e/SealofPLU.png/200px-SealofPLU.png
Pasadena City College,1,-118.118196,34.144552,Pasadena CC,NA,https://upload.wikimedia.org/wikipedia/en/c/cf/Pasadena_City_College_logo.gif
Pennsylvania State University-Main Campus,124,-77.861644,40.800732,Penn St.,NA,https://upload.wikimedia.org/wikipedia/en/thumb/3/36/Penn_State_Nittany_Lions.svg/170px-Penn_State_Nittany_Lions.svg.png
Pittsburg State University,4,-94.704782,37.3913,Pittsburg St.,NA,https://upload.wikimedia.org/wikipedia/en/thumb/a/a5/Pittsburg_State_Gorilla_logo.svg/150px-Pittsburg_State_Gorilla_logo.svg.png
Pomona College,1,-117.711944,34.098298,Pomona-Pitzer,NA,https://upload.wikimedia.org/wikipedia/en/thumb/9/9d/Formal_Seal_of_Pomona_College%2C_Claremont%2C_CA%2C_USA.svg/120px-Formal_Seal_of_Pomona_College%2C_Claremont%2C_CA%2C_USA.svg.png
Portland State University,2,-122.683553,45.511229,Portland St.,NA,https://upload.wikimedia.org/wikipedia/en/thumb/8/8a/Portland_State_Vikings_Logo.svg/200px-Portland_State_Vikings_Logo.svg.png
Presbyterian College,1,-81.874408,34.465697,Presbyterian,NA,https://upload.wikimedia.org/wikipedia/commons/thumb/1/1a/Presbyterian_College_logo.png/200px-Presbyterian_College_logo.png
Princeton University,4,-74.663603,40.34853,Princeton,NA,https://upload.wikimedia.org/wikipedia/en/thumb/7/71/Princeton_shield.svg/137px-Princeton_shield.svg.png
Purdue University-Main Campus,63,-86.914435,40.428206,Purdue,NA,https://upload.wikimedia.org/wikipedia/commons/thumb/b/b5/Purdue_Boilermakers_workmark.svg/170px-Purdue_Boilermakers_workmark.svg.png
Rice University,12,-95.403625,29.716485,Rice,NA,https://upload.wikimedia.org/wikipedia/commons/thumb/d/d2/Rice_University_Athletic_Mark.svg/100px-Rice_University_Athletic_Mark.svg.png
Robert Morris University,1,-80.211785,40.521088,Robert Morris,NA,https://upload.wikimedia.org/wikipedia/en/thumb/f/f7/Robert_Morris_Colonials.svg/200px-Robert_Morris_Colonials.svg.png
Rowan University,1,-75.117974,39.709768,Rowan,NA,https://upload.wikimedia.org/wikipedia/en/thumb/8/8a/Rowan_Profs_logo.png/200px-Rowan_Profs_logo.png
Rutgers University-New Brunswick,28,-74.45051,40.503796,Rutgers,NA,https://upload.wikimedia.org/wikipedia/commons/thumb/0/0e/Rutgers_athletics_logo.svg/150px-Rutgers_athletics_logo.svg.png
Sacred Heart University,1,-73.24461,41.221548,Sacred Heart,NA,https://upload.wikimedia.org/wikipedia/en/thumb/f/f8/Sacred_Heart_Pioneers.svg/175px-Sacred_Heart_Pioneers.svg.png
Saginaw Valley State University,15,-83.96434,43.55187,Saginaw Valley St.,NA,https://upload.wikimedia.org/wikipedia/en/thumb/5/5d/Saginaw_Valley_State_Cardinals_logo.svg/200px-Saginaw_Valley_State_Cardinals_logo.svg.png
Saint Augustine's University,1,-78.621806,35.785032,St. Augustine's,NA,https://upload.wikimedia.org/wikipedia/en/thumb/6/6b/Flacons1.jpg/220px-Flacons1.jpg
Saint Cloud State University,1,-94.153,45.552418,St. Cloud St.,NA,https://upload.wikimedia.org/wikipedia/commons/thumb/4/46/St._Cloud_State_University_logo.svg/200px-St._Cloud_State_University_logo.svg.png
Salem Community College,1,-75.448633,39.753519,Salem (WV),NA,https://upload.wikimedia.org/wikipedia/en/thumb/3/3f/SalemCC_logo.jpg/150px-SalemCC_logo.jpg
Salem International University,1,-80.571767,39.288632,Salem,NA,https://upload.wikimedia.org/wikipedia/en/a/a0/SIUTigers.png
Sam Houston State University,8,-95.5519,30.7247,Sam Houston St.,NA,https://upload.wikimedia.org/wikipedia/en/thumb/4/4e/SHSU_Bearkats.svg/150px-SHSU_Bearkats.svg.png
Samford University,4,-86.790932,33.464578,Samford,NA,https://upload.wikimedia.org/wikipedia/en/thumb/b/b9/Samford_Bulldogs_logo.svg/200px-Samford_Bulldogs_logo.svg.png
San Diego State University,63,-117.071228,32.77525,San Diego St.,NA,https://upload.wikimedia.org/wikipedia/commons/thumb/7/7c/San_Diego_State_Aztecs_logo.svg/200px-San_Diego_State_Aztecs_logo.svg.png
San Francisco State University,1,-122.477905,37.721345,San Francisco St.,NA,https://upload.wikimedia.org/wikipedia/en/thumb/9/9e/SFStateBlockSF.png/200px-SFStateBlockSF.png
San Jose State University,19,-121.881214,37.335201,San Jose St.,NA,https://upload.wikimedia.org/wikipedia/en/thumb/2/27/San_Jose_State_Spartans_Logo.svg/200px-San_Jose_State_Spartans_Logo.svg.png
Santa Clara University,2,-121.938189,37.352706,Santa Clara,NA,https://upload.wikimedia.org/wikipedia/commons/thumb/7/7f/SantaClaraBroncos2.png/200px-SantaClaraBroncos2.png
Savannah State University,1,-81.063377,32.024781,Savannah St.,NA,https://upload.wikimedia.org/wikipedia/en/thumb/f/fe/SSUTigersLogo.png/200px-SSUTigersLogo.png
Slippery Rock University of Pennsylvania,3,-80.051814,41.060814,Slippery Rock,NA,https://upload.wikimedia.org/wikipedia/en/e/e6/SlipperyRocksports.png
Sonoma State University,2,-122.673261,38.341023,Sonoma St.,NA,https://upload.wikimedia.org/wikipedia/en/thumb/a/ac/Sonoma_State_Seawolves_logo.svg/200px-Sonoma_State_Seawolves_logo.svg.png
South Carolina State University,14,-80.851185,33.497439,South Carolina St.,NA,https://upload.wikimedia.org/wikipedia/en/thumb/7/7b/South_Carolina_State_Bulldogs_logo.png/175px-South_Carolina_State_Bulldogs_logo.png
South Dakota School of Mines and Technology,5,-103.205753,44.075439,South Dakota,NA,https://upload.wikimedia.org/wikipedia/en/b/b6/SDmineslogo2.png
South Dakota State University,4,-96.783415,44.31942,South Dakota St.,NA,https://upload.wikimedia.org/wikipedia/en/thumb/2/25/South_Dakota_State_Jackrabbits_logo.svg/200px-South_Dakota_State_Jackrabbits_logo.svg.png
Southeast Missouri State University,4,-89.529119,37.31575,SE Missouri St.,NA,https://upload.wikimedia.org/wikipedia/en/thumb/b/bb/Southeast_Missouri_State_Redhawks_logo.svg/200px-Southeast_Missouri_State_Redhawks_logo.svg.png
Southeastern Louisiana University,1,-90.468558,30.51358,SE Louisiana,NA,https://upload.wikimedia.org/wikipedia/en/thumb/b/b6/SELouisianaLions.png/220px-SELouisianaLions.png
Southern Connecticut State University,2,-72.948806,41.331852,Southern Connecticut St.,NA,https://upload.wikimedia.org/wikipedia/en/thumb/d/da/SCSUOwls.png/220px-SCSUOwls.png
Southern Illinois University-Carbondale,8,-89.218724,37.713239,Southern Illinois,NA,https://upload.wikimedia.org/wikipedia/en/thumb/4/4a/SouthernIllinoisSalukis.png/200px-SouthernIllinoisSalukis.png
Southern Methodist University,23,-96.784855,32.845254,SMU,NA,https://upload.wikimedia.org/wikipedia/commons/thumb/3/33/SMU_Mustang_logo.svg/200px-SMU_Mustang_logo.svg.png
Southern Oregon University,2,-122.694034,42.186467,Southern Oregon,NA,https://upload.wikimedia.org/wikipedia/en/thumb/d/de/SOU_Raiders_Logo_2011.png/200px-SOU_Raiders_Logo_2011.png
Southern Utah University,3,-113.070146,37.674617,Southern Utah,NA,https://upload.wikimedia.org/wikipedia/en/thumb/e/e7/Southern_Utah_Thunderbirds_logo.svg/200px-Southern_Utah_Thunderbirds_logo.svg.png
Southwest Minnesota State University,2,-95.75983,44.455023,SW Minnesota,NA,https://upload.wikimedia.org/wikipedia/en/thumb/a/ab/SMSU_Mustangs_logo.png/210px-SMSU_Mustangs_logo.png
Southwestern Oklahoma State University,1,-98.707964,35.534609,SW Oklahoma,NA,https://upload.wikimedia.org/wikipedia/en/thumb/9/95/SWOSU_logo.png/220px-SWOSU_logo.png
Stanford University,91,-122.168826,37.426967,Stanford,NA,https://upload.wikimedia.org/wikipedia/commons/thumb/4/45/Stanford_Athletics_logo.svg/118px-Stanford_Athletics_logo.svg.png
Stephen F Austin State University,13,-94.58546,31.58562,S.F. Austin,NA,https://upload.wikimedia.org/wikipedia/en/thumb/f/ff/SFA_Athletics_logo.png/200px-SFA_Athletics_logo.png
SUNY at Albany,2,-73.825014,42.686917,Albany,NA,https://upload.wikimedia.org/wikipedia/en/thumb/1/1b/University_at_Albany%2C_SUNY_Seal.svg/435px-University_at_Albany%2C_SUNY_Seal.svg.png
SUNY at Albany,2,-73.825014,42.686917,Albany (NY),NA,https://upload.wikimedia.org/wikipedia/en/thumb/1/1b/University_at_Albany%2C_SUNY_Seal.svg/435px-University_at_Albany%2C_SUNY_Seal.svg.png
Syracuse University,76,-76.136633,43.040005,Syracuse,NA,https://upload.wikimedia.org/wikipedia/commons/thumb/d/dc/SyracuseOrange.svg/100px-SyracuseOrange.svg.png
Tarleton State University,2,-98.22008,32.215665,Tarleton St.,NA,https://upload.wikimedia.org/wikipedia/commons/thumb/a/a3/Tarleton_State_Athletics_logo.png/200px-Tarleton_State_Athletics_logo.png
Temple University,21,-75.158267,39.980943,Temple,NA,https://upload.wikimedia.org/wikipedia/commons/thumb/1/17/Temple_T_logo.svg/180px-Temple_T_logo.svg.png
Tennessee State University,21,-86.82937,36.16899,Tennessee St.,NA,https://upload.wikimedia.org/wikipedia/en/thumb/b/b2/Tennessee_State_Tigers_logo.svg/200px-Tennessee_State_Tigers_logo.svg.png
Tennessee Technological University,1,-85.503957,36.174659,Tennessee Tech,NA,https://upload.wikimedia.org/wikipedia/en/thumb/f/f8/Tennessee_Tech_Golden_Eagles_logo.svg/150px-Tennessee_Tech_Golden_Eagles_logo.svg.png
Texas A & M University-Commerce,3,-95.906913,33.243814,Texas A&M-Commerce,NA,https://upload.wikimedia.org/wikipedia/en/thumb/f/f8/Texas_A%26M%E2%80%93Commerce_Lions_logo.svg/200px-Texas_A%26M%E2%80%93Commerce_Lions_logo.svg.png
Texas A & M University-Kingsville,11,-97.882342,27.524852,Texas A&M-Kingsville,NA,https://upload.wikimedia.org/wikipedia/en/thumb/0/03/Texas_A%26M%E2%80%93Kingsville_Javelinas_logo.svg/200px-Texas_A%26M%E2%80%93Kingsville_Javelinas_logo.svg.png
Texas A&M University-San Antonio,117,-98.524812,29.305626,Texas A&M,NA,https://upload.wikimedia.org/wikipedia/commons/thumb/8/81/Texas_A%26M_University_aTm_logo.svg/125px-Texas_A%26M_University_aTm_logo.svg.png
Texas Christian University,52,-97.361537,32.709568,TCU,NA,https://upload.wikimedia.org/wikipedia/commons/thumb/3/33/TCU_Athletics_logo.svg/250px-TCU_Athletics_logo.svg.png
Texas Southern University,8,-95.361961,29.722468,Texas Southern,NA,https://upload.wikimedia.org/wikipedia/en/thumb/9/9b/Texas_Southern_Tigers_logo.svg/200px-Texas_Southern_Tigers_logo.svg.png
Texas State University,12,-97.936392,29.889202,Texas St.,NA,https://upload.wikimedia.org/wikipedia/en/thumb/9/97/Texas_State_Bobcats_logo.svg/200px-Texas_State_Bobcats_logo.svg.png
Texas Tech University,43,-101.876917,33.580309,Texas Tech,NA,https://upload.wikimedia.org/wikipedia/commons/thumb/3/31/Texas_Tech_Red_Raiders_Logo.svg/150px-Texas_Tech_Red_Raiders_Logo.svg.png
The University of Alabama,126,-87.545766,33.2144,Alabama,NA,https://upload.wikimedia.org/wikipedia/commons/thumb/6/61/Alabama_Crimson_Tide_Logo.svg/91px-Alabama_Crimson_Tide_Logo.svg.png
The University of Findlay,1,-83.652067,41.05441,Findlay,NA,https://upload.wikimedia.org/wikipedia/en/thumb/a/ac/Findlay_Oilers_logo.svg/200px-Findlay_Oilers_logo.svg.png
The University of Montana,16,-113.98294,46.861074,Montana,NA,https://upload.wikimedia.org/wikipedia/commons/thumb/3/3b/Montana_Griz_logo.svg/200px-Montana_Griz_logo.svg.png
The University of Tennessee-Chattanooga,14,-85.299812,35.048247,Chattanooga,NA,https://upload.wikimedia.org/wikipedia/commons/thumb/5/5d/Chattanooga_Mocs_logo.svg/200px-Chattanooga_Mocs_logo.svg.png
The University of Tennessee-Chattanooga,14,-85.299812,35.048247,Tenn-Chattanooga,NA,https://upload.wikimedia.org/wikipedia/commons/thumb/5/5d/Chattanooga_Mocs_logo.svg/200px-Chattanooga_Mocs_logo.svg.png
The University of Tennessee-Knoxville,148,-83.929696,35.955093,Knoxville,NA,https://upload.wikimedia.org/wikipedia/commons/thumb/a/a5/UT_Volunteers_logo.svg/120px-UT_Volunteers_logo.svg.png
The University of Tennessee-Knoxville,148,-83.929696,35.955093,Tennessee,NA,https://upload.wikimedia.org/wikipedia/commons/thumb/8/87/UT_Knoxville_logo_2015.svg/130px-UT_Knoxville_logo_2015.svg.png
The University of Tennessee-Martin,6,-88.864211,36.340338,Tenn-Martin,NA,https://upload.wikimedia.org/wikipedia/en/thumb/2/2c/UT_Martin_Skyhawks_logo.svg/200px-UT_Martin_Skyhawks_logo.svg.png
The University of Texas at Arlington,3,-97.115087,32.728437,Texas-Arlington,NA,https://upload.wikimedia.org/wikipedia/en/thumb/3/35/UT_Arlington_Mavericks_logo.svg/200px-UT_Arlington_Mavericks_logo.svg.png
The University of Texas at Austin,105,-97.73924,30.286598,Texas,NA,https://upload.wikimedia.org/wikipedia/commons/thumb/a/a8/Texas_Longhorn_logo.svg/200px-Texas_Longhorn_logo.svg.png
The University of Texas at El Paso,27,-106.50356,31.771697,Texas-El Paso,NA,https://upload.wikimedia.org/wikipedia/en/thumb/0/06/UTEP_Miners_logo.svg/200px-UTEP_Miners_logo.svg.png
Towson University,5,-76.612268,39.393008,Towson,NA,https://upload.wikimedia.org/wikipedia/en/thumb/7/72/Towson_Tigers_logo.svg/200px-Towson_Tigers_logo.svg.png
Trinity Christian College,1,-87.784157,41.669189,Trinity (CT),NA,https://upload.wikimedia.org/wikipedia/en/1/1a/TrinityChristianCollege_Logo.jpeg
Troy University,21,-85.950191,31.800128,Troy,NA,https://upload.wikimedia.org/wikipedia/en/thumb/1/1e/Troy_University_logo.gif/175px-Troy_University_logo.gif
Tulane University of Louisiana,24,-90.120409,29.939696,Tulane,NA,https://upload.wikimedia.org/wikipedia/en/thumb/2/28/Tulane_Green_Wave_logo.svg/150px-Tulane_Green_Wave_logo.svg.png
Tusculum College,1,-82.761716,36.172558,Tusculum,NA,https://upload.wikimedia.org/wikipedia/en/thumb/6/66/Tusculum_seal.png/155px-Tusculum_seal.png
Tuskegee University,3,-85.710315,32.431021,Tuskegee,NA,https://upload.wikimedia.org/wikipedia/en/thumb/a/a6/Tuskegee_Golden_Tigers_logo.png/200px-Tuskegee_Golden_Tigers_logo.png
United States Air Force Academy,5,-104.888747,39.011073,Air Force,NA,https://upload.wikimedia.org/wikipedia/commons/thumb/d/dc/Air_Force_Falcons_logo.svg/200px-Air_Force_Falcons_logo.svg.png
United States Military Academy,2,-73.956804,41.390882,Army,NA,https://upload.wikimedia.org/wikipedia/commons/thumb/0/01/Army_West_Point_logo.svg/252px-Army_West_Point_logo.svg.png
United States Naval Academy,4,-76.481692,38.980507,Navy,NA,https://upload.wikimedia.org/wikipedia/commons/thumb/a/a5/Navy_Athletics_logo.svg/150px-Navy_Athletics_logo.svg.png
University at Buffalo,9,-78.790103,43.001433,Buffalo,NA,https://upload.wikimedia.org/wikipedia/commons/thumb/9/92/University_at_Buffalo_Interlocking_UB_logo.svg/150px-University_at_Buffalo_Interlocking_UB_logo.svg.png
University of Akron Main Campus,9,-81.510328,41.077768,Akron,NA,https://upload.wikimedia.org/wikipedia/commons/thumb/3/3c/Akron_Zips_logo.svg/276px-Akron_Zips_logo.svg.png
University of Alabama at Birmingham,11,-86.80917,33.50223,Ala-Birmingham,NA,https://upload.wikimedia.org/wikipedia/en/thumb/d/d5/UAB_Blazers_Logo.svg/1200px-UAB_Blazers_Logo.svg.png
University of Arizona,79,-110.950769,32.232071,Arizona,NA,https://upload.wikimedia.org/wikipedia/commons/thumb/e/e4/University_of_Arizona_Block_A.svg/512px-University_of_Arizona_Block_A.svg.png
University of Arkansas,79,-94.178214,36.06153,Arkansas,NA,https://upload.wikimedia.org/wikipedia/commons/thumb/8/81/Arkansas_Razorbacks_logo.svg/150px-Arkansas_Razorbacks_logo.svg.png
University of Arkansas at Pine Bluff,7,-92.021263,34.242192,Ark-Pine Bluff,NA,https://upload.wikimedia.org/wikipedia/commons/thumb/8/89/Arkansas%E2%80%93Pine_Bluff_Golden_Lions_wordmark.svg/268px-Arkansas%E2%80%93Pine_Bluff_Golden_Lions_wordmark.svg.png
University of California-Berkeley,92,-122.260423,37.871969,California,NA,https://upload.wikimedia.org/wikipedia/commons/thumb/1/17/University_of_California%2C_Berkeley_athletic_logo.svg/125px-University_of_California%2C_Berkeley_athletic_logo.svg.png
University of California-Davis,6,-121.751958,38.539895,California-Davis,NA,https://upload.wikimedia.org/wikipedia/commons/thumb/3/34/UC_Davis_Aggies_wordmark.svg/250px-UC_Davis_Aggies_wordmark.svg.png
University of California-Los Angeles,108,-118.443901,34.068892,UCLA,NA,https://upload.wikimedia.org/wikipedia/commons/thumb/e/ef/UCLA_Bruins_logo.svg/200px-UCLA_Bruins_logo.svg.png
University of Central Arkansas,5,-92.45931,35.078196,Central Arkansas,NA,https://upload.wikimedia.org/wikipedia/commons/thumb/6/60/Central_Arkansas_Athletics_wordmark.svg/250px-Central_Arkansas_Athletics_wordmark.svg.png
University of Central Florida,29,-81.198805,28.60106,Central Florida,NA,https://upload.wikimedia.org/wikipedia/commons/thumb/f/fd/UCF_Knights_logo.svg/125px-UCF_Knights_logo.svg.png
University of Central Missouri,4,-93.737445,38.755882,Central Missouri St.,NA,https://upload.wikimedia.org/wikipedia/en/thumb/0/08/Central_Missouri_Athletics_logo.svg/200px-Central_Missouri_Athletics_logo.svg.png
University of Central Oklahoma,4,-97.470985,35.658239,Central Oklahoma,NA,https://upload.wikimedia.org/wikipedia/commons/thumb/9/9d/UCO_logo.svg/200px-UCO_logo.svg.png
University of Cincinnati-Main Campus,33,-84.51428,39.131159,Cincinnati,NA,https://upload.wikimedia.org/wikipedia/en/thumb/8/81/Cincinnati_Bearcats.svg/100px-Cincinnati_Bearcats.svg.png
University of Colorado Boulder,89,-105.267061,40.004415,Colorado,NA,https://upload.wikimedia.org/wikipedia/commons/thumb/c/c3/Colorado_Buffaloes_wordmark.svg/200px-Colorado_Buffaloes_wordmark.svg.png
University of Connecticut,23,-72.247969,41.806261,Connecticut,NA,https://upload.wikimedia.org/wikipedia/commons/thumb/b/b3/Connecticut_Huskies_wordmark.svg/250px-Connecticut_Huskies_wordmark.svg.png
University of Delaware,10,-75.752917,39.679574,Delaware,NA,https://upload.wikimedia.org/wikipedia/en/thumb/7/74/Delaware_Fightin%27_Blue_Hens_Logo.svg/150px-Delaware_Fightin%27_Blue_Hens_Logo.svg.png
University of Florida,153,-82.339958,29.649428,Florida,NA,https://upload.wikimedia.org/wikipedia/en/thumb/1/12/Florida_Gators_logo.svg/200px-Florida_Gators_logo.svg.png
University of Georgia,123,-83.374049,33.956428,Georgia,NA,https://upload.wikimedia.org/wikipedia/commons/thumb/5/5b/UGA_logo.svg/200px-UGA_logo.svg.png
University of Hawaii at Manoa,34,-157.816607,21.292648,Hawaii,NA,https://upload.wikimedia.org/wikipedia/commons/thumb/0/0c/Hawaii_Warriors_Logo.svg/200px-Hawaii_Warriors_Logo.svg.png
University of Houston,42,-95.344851,29.719988,Houston,NA,https://upload.wikimedia.org/wikipedia/commons/thumb/2/23/Houston_Cougars_logo.svg/150px-Houston_Cougars_logo.svg.png
University of Idaho,17,-117.024296,46.726894,Idaho,NA,https://upload.wikimedia.org/wikipedia/commons/thumb/9/99/University_of_Idaho_Vandals_logo.svg/200px-University_of_Idaho_Vandals_logo.svg.png
University of Illinois at Urbana-Champaign,68,-88.230309,40.108864,Illinois,NA,https://upload.wikimedia.org/wikipedia/commons/thumb/9/91/Illinois_Fighting_Illini_logo.svg/200px-Illinois_Fighting_Illini_logo.svg.png
University of Iowa,94,-91.535698,41.660695,Iowa,NA,https://upload.wikimedia.org/wikipedia/en/thumb/7/7b/Iowa_Hawkeyes_logo.svg/200px-Iowa_Hawkeyes_logo.svg.png
University of Kansas,35,-95.247618,38.958551,Kansas,NA,https://upload.wikimedia.org/wikipedia/en/thumb/4/4c/University_of_Kansas_Jayhawk_logo.svg/200px-University_of_Kansas_Jayhawk_logo.svg.png
University of Kentucky,55,-84.505653,38.035818,Kentucky,NA,https://upload.wikimedia.org/wikipedia/commons/thumb/b/b6/Kentucky_Wildcats_logo.svg/200px-Kentucky_Wildcats_logo.svg.png
University of Louisiana at Lafayette,16,-92.01941,30.215283,La-Lafayette,NA,https://upload.wikimedia.org/wikipedia/en/thumb/0/06/Ragin_Cajuns_logo.svg/200px-Ragin_Cajuns_logo.svg.png
University of Louisiana at Monroe,16,-92.073855,32.527957,La-Monroe,NA,https://upload.wikimedia.org/wikipedia/en/thumb/0/05/Louisiana%E2%80%93Monroe_Warhawks_logo.svg/200px-Louisiana%E2%80%93Monroe_Warhawks_logo.svg.png
University of Louisville,58,-85.758843,38.215752,Louisville,NA,https://upload.wikimedia.org/wikipedia/en/thumb/5/59/Louisville_Cardinals_logo.svg/175px-Louisville_Cardinals_logo.svg.png
University of Maine,8,-68.67358,44.895129,Maine,NA,https://upload.wikimedia.org/wikipedia/en/thumb/e/e5/University_of_Maine_seal.png/150px-University_of_Maine_seal.png
University of Maryland-College Park,63,-76.939494,38.985379,Maryland,NA,https://upload.wikimedia.org/wikipedia/en/thumb/5/51/University_of_Maryland_Seal.svg/150px-University_of_Maryland_Seal.svg.png
University of Massachusetts-Amherst,4,-72.52617,42.386162,Massachusetts,NA,https://upload.wikimedia.org/wikipedia/commons/thumb/0/0a/UMass_primary_logo.png/200px-UMass_primary_logo.png
University of Memphis,42,-89.938062,35.118874,Memphis,NA,https://upload.wikimedia.org/wikipedia/en/thumb/3/34/MemphisTigers.svg/175px-MemphisTigers.svg.png
University of Miami,167,-80.27645,25.720406,Miami (FL),NA,https://upload.wikimedia.org/wikipedia/commons/thumb/e/e9/Miami_Hurricanes_logo.svg/200px-Miami_Hurricanes_logo.svg.png
University of Michigan-Ann Arbor,112,-83.743121,42.276061,Michigan,NA,https://upload.wikimedia.org/wikipedia/commons/thumb/f/fb/Michigan_Wolverines_logo.svg/200px-Michigan_Wolverines_logo.svg.png
University of Minnesota-Duluth,2,-92.085177,46.818896,Minnesota-Duluth,NA,https://upload.wikimedia.org/wikipedia/en/thumb/0/08/UMDChamp1.png/200px-UMDChamp1.png
University of Minnesota-Twin Cities,51,-93.235352,44.977886,Minnesota,NA,https://upload.wikimedia.org/wikipedia/commons/thumb/f/f9/Minnesota_Golden_Gophers_logo.svg/200px-Minnesota_Golden_Gophers_logo.svg.png
University of Mississippi,57,-89.539377,34.362144,Mississippi,NA,https://upload.wikimedia.org/wikipedia/commons/thumb/b/bf/Ole_Miss_Rebels_logo.svg/200px-Ole_Miss_Rebels_logo.svg.png
University of Missouri-Kansas City,49,-94.578039,39.035366,Missouri,NA,https://upload.wikimedia.org/wikipedia/en/thumb/b/b1/UMKC_Kangaroos_logo.svg/250px-UMKC_Kangaroos_logo.svg.png
University of Mount Union,2,-81.108624,40.905093,Mount Union,NA,https://upload.wikimedia.org/wikipedia/en/thumb/5/51/University_of_Mount_Union_seal.png/200px-University_of_Mount_Union_seal.png
University of Nebraska at Kearney,1,-99.098237,40.700787,Kearney St.,NA,https://upload.wikimedia.org/wikipedia/en/thumb/6/65/Nebraska%E2%80%93Kearney_Lopers_logo.svg/200px-Nebraska%E2%80%93Kearney_Lopers_logo.svg.png
University of Nebraska at Omaha,4,-96.010797,41.257746,Nebraska-Omaha,NA,https://upload.wikimedia.org/wikipedia/commons/thumb/7/73/Omaha_Mavericks_logo.svg/150px-Omaha_Mavericks_logo.svg.png
University of Nebraska-Lincoln,140,-96.702177,40.822272,Nebraska,NA,https://upload.wikimedia.org/wikipedia/commons/thumb/e/e5/Nebraska_Cornhuskers_logo.svg/100px-Nebraska_Cornhuskers_logo.svg.png
University of Nevada-Las Vegas,22,-115.141153,36.106994,UNLV,NA,https://upload.wikimedia.org/wikipedia/en/thumb/d/d9/UNLV_Rebels_logo.svg/180px-UNLV_Rebels_logo.svg.png
University of Nevada-Reno,25,-119.818424,39.545052,Nevada,NA,https://upload.wikimedia.org/wikipedia/en/thumb/e/e9/Nevada_Wolf_Pack_Logo.svg/200px-Nevada_Wolf_Pack_Logo.svg.png
University of New Hampshire-Main Campus,8,-70.934512,43.134235,New Hampshire,NA,https://upload.wikimedia.org/wikipedia/en/thumb/6/6a/NewHampshireWildcats.svg/200px-NewHampshireWildcats.svg.png
University of New Haven,1,-72.961472,41.291314,New Haven,NA,https://upload.wikimedia.org/wikipedia/en/f/fa/UNHChargers.png
University of New Mexico-Main Campus,20,-106.620155,35.083868,New Mexico,NA,https://upload.wikimedia.org/wikipedia/en/thumb/4/45/New_Mexico_Lobos_logo.svg/200px-New_Mexico_Lobos_logo.svg.png
University of North Alabama,12,-87.680999,34.80658,North Alabama,NA,https://upload.wikimedia.org/wikipedia/en/thumb/2/22/UNA_Lions_logo.png/200px-UNA_Lions_logo.png
University of North Carolina at Chapel Hill,96,-79.050969,35.912165,North Carolina,NA,https://upload.wikimedia.org/wikipedia/commons/thumb/d/d7/North_Carolina_Tar_Heels_logo.svg/100px-North_Carolina_Tar_Heels_logo.svg.png
University of North Dakota,6,-97.073451,47.919774,North Dakota,NA,https://upload.wikimedia.org/wikipedia/en/thumb/9/92/North_Dakota_Fighting_Hawks_logo.svg/200px-North_Dakota_Fighting_Hawks_logo.svg.png
University of North Texas,5,-97.151211,33.210958,North Texas,NA,https://upload.wikimedia.org/wikipedia/en/thumb/a/a2/North_Texas_Mean_Green_logo.svg/200px-North_Texas_Mean_Green_logo.svg.png
University of Northern Colorado,5,-104.701721,40.403178,Northern Colorado,NA,https://upload.wikimedia.org/wikipedia/en/thumb/f/f9/Northern_Colorado_Bears_logo.svg/200px-Northern_Colorado_Bears_logo.svg.png
University of Northern Iowa,10,-92.459703,42.514923,Northern Iowa,NA,https://upload.wikimedia.org/wikipedia/en/thumb/8/86/Northern_Iowa_Panters_logo.svg/200px-Northern_Iowa_Panters_logo.svg.png
University of Notre Dame,140,-86.238959,41.703058,Notre Dame,NA,https://upload.wikimedia.org/wikipedia/commons/thumb/f/f5/Notre_Dame_Fighting_Irish_logo.svg/180px-Notre_Dame_Fighting_Irish_logo.svg.png
University of Oklahoma-Norman Campus,130,-97.445692,35.208152,Oklahoma,NA,https://upload.wikimedia.org/wikipedia/commons/thumb/6/61/Oklahoma_Sooners_logo.svg/150px-Oklahoma_Sooners_logo.svg.png
University of Oregon,83,-123.07398,44.044515,Oregon,NA,https://upload.wikimedia.org/wikipedia/commons/thumb/7/7b/OregonDucks.svg/125px-OregonDucks.svg.png
University of Pennsylvania,4,-75.193618,39.951002,Pennsylvania,NA,https://upload.wikimedia.org/wikipedia/commons/thumb/c/c7/Penn_Quakers_logo.svg/150px-Penn_Quakers_logo.svg.png
University of Pittsburgh-Johnstown,1,-78.832611,40.268583,Pittsburgh-Johnstown,NA,https://upload.wikimedia.org/wikipedia/en/thumb/f/f1/UPJ_MountainCatPaw_AthleticLogo.jpg/150px-UPJ_MountainCatPaw_AthleticLogo.jpg
University of Pittsburgh-Pittsburgh Campus,79,-79.954692,40.444502,Pittsburgh,NA,https://upload.wikimedia.org/wikipedia/commons/thumb/4/44/Pitt_Panthers_wordmark.svg/200px-Pitt_Panthers_wordmark.svg.png
University of Portland,7,-122.726859,45.571807,Portland,NA,https://upload.wikimedia.org/wikipedia/commons/thumb/9/95/Portland_Pilots_logo.png/100px-Portland_Pilots_logo.png
University of Puget Sound,1,-122.479714,47.263651,Puget Sound,NA,https://upload.wikimedia.org/wikipedia/en/thumb/a/ad/UofPS_seal.png/150px-UofPS_seal.png
University of Rhode Island,1,-71.527356,41.484691,Rhode Island,NA,https://upload.wikimedia.org/wikipedia/commons/thumb/8/80/Rhode_Island_Rams_logo.svg/180px-Rhode_Island_Rams_logo.svg.png
University of Richmond,13,-77.538702,37.577625,Richmond,NA,https://upload.wikimedia.org/wikipedia/en/thumb/d/d0/UR_Shield.svg/100px-UR_Shield.svg.png
University of San Diego,1,-117.188721,32.77142,San Diego,NA,https://upload.wikimedia.org/wikipedia/commons/thumb/7/7e/San_Diego_Toreros_logo.svg/150px-San_Diego_Toreros_logo.svg.png
University of South Carolina-Columbia,72,-81.026971,33.998973,South Carolina,NA,https://upload.wikimedia.org/wikipedia/commons/thumb/6/6a/South_Carolina_Gamecocks_Block_C_logo.svg/170px-South_Carolina_Gamecocks_Block_C_logo.svg.png
University of South Florida-Main Campus,21,-82.415876,28.056647,South Florida,NA,https://upload.wikimedia.org/wikipedia/en/thumb/8/89/South_Florida_Bulls_Logo2.svg/150px-South_Florida_Bulls_Logo2.svg.png
University of Southern California,151,-118.283858,34.021058,USC,NA,https://upload.wikimedia.org/wikipedia/commons/thumb/2/20/Interlocking_USC_Logo.svg/100px-Interlocking_USC_Logo.svg.png
University of Southern Mississippi,38,-89.33791,31.327499,Southern Miss,NA,https://upload.wikimedia.org/wikipedia/en/thumb/5/5d/Southern_Miss_Athletics_logo.svg/175px-Southern_Miss_Athletics_logo.svg.png
University of the Pacific,4,-121.307296,37.980624,Pacific,NA,https://upload.wikimedia.org/wikipedia/en/thumb/5/5f/PacificTigers.png/200px-PacificTigers.png
University of Toledo,10,-83.615225,41.65795,Toledo,NA,https://upload.wikimedia.org/wikipedia/en/thumb/f/fa/Toledo_Rockets_logo.svg/200px-Toledo_Rockets_logo.svg.png
University of Tulsa,25,-95.945175,36.151887,Tulsa,NA,https://upload.wikimedia.org/wikipedia/commons/thumb/4/49/University_of_Tulsa_Athletics_logo.svg/180px-University_of_Tulsa_Athletics_logo.svg.png
University of Utah,45,-111.846044,40.762484,Utah,NA,https://upload.wikimedia.org/wikipedia/commons/thumb/b/be/Utah_Utes_logo.svg/200px-Utah_Utes_logo.svg.png
University of Virginia-Main Campus,76,-78.505153,38.037796,Virginia,NA,https://upload.wikimedia.org/wikipedia/en/thumb/d/d1/Virginia_Cavaliers_sabre.svg/200px-Virginia_Cavaliers_sabre.svg.png
University of Washington-Seattle Campus,108,-122.313115,47.656213,Washington,NA,https://upload.wikimedia.org/wikipedia/commons/thumb/1/17/Washington_Huskies_logo.svg/200px-Washington_Huskies_logo.svg.png
University of Wisconsin-La Crosse,3,-91.230149,43.815295,Wisc-LaCrosse,NA,https://upload.wikimedia.org/wikipedia/en/thumb/4/4b/University_of_Wisconsin-La_Crosse_logo.svg/220px-University_of_Wisconsin-La_Crosse_logo.svg.png
University of Wisconsin-Madison,107,-89.405356,43.073858,Wisconsin,NA,https://upload.wikimedia.org/wikipedia/commons/thumb/8/8e/University_of_Wisconsin_Waving_W.svg/175px-University_of_Wisconsin_Waving_W.svg.png
University of Wisconsin-Stevens Point,5,-89.570934,44.529582,Wisc-Stevens Point,NA,https://upload.wikimedia.org/wikipedia/en/thumb/e/ec/UW%E2%80%93Stevens_Point_logo.png/250px-UW%E2%80%93Stevens_Point_logo.png
University of Wisconsin-Stout,1,-91.929461,44.88861,Wisc-Stout,NA,https://upload.wikimedia.org/wikipedia/en/thumb/c/c8/UW%E2%80%93Whitewater.png/175px-UW%E2%80%93Whitewater.png
University of Wisconsin-Whitewater,1,-88.742368,42.835563,Wisc-Whitewater,NA,https://upload.wikimedia.org/wikipedia/en/thumb/c/c8/UW%E2%80%93Whitewater.png/175px-UW%E2%80%93Whitewater.png
University of Wyoming,25,-105.57204,41.311943,Wyoming,NA,https://upload.wikimedia.org/wikipedia/commons/thumb/7/7c/Steamboat.svg/125px-Steamboat.svg.png
Utah State University,21,-111.81391,41.740748,Utah St.,NA,https://upload.wikimedia.org/wikipedia/commons/thumb/e/ee/Utah_State_University_Aggies_Logo.svg/200px-Utah_State_University_Aggies_Logo.svg.png
Valdosta State University,3,-83.289925,30.849236,Valdosta St.,NA,https://upload.wikimedia.org/wikipedia/commons/thumb/6/62/Valdosta_State_Blazers_logo.svg/200px-Valdosta_State_Blazers_logo.svg.png
Vanderbilt University,36,-86.804875,36.14443,Vanderbilt,NA,https://upload.wikimedia.org/wikipedia/commons/thumb/6/61/Vanderbilt_Commodores_logo.svg/125px-Vanderbilt_Commodores_logo.svg.png
Villanova University,3,-75.345457,40.039388,Villanova,NA,https://upload.wikimedia.org/wikipedia/commons/thumb/6/6d/Villanova_Wildcats_Logo.svg/175px-Villanova_Wildcats_Logo.svg.png
Virginia Military Institute,1,-79.435737,37.790644,VMI,NA,https://upload.wikimedia.org/wikipedia/commons/thumb/9/90/Virginia_Military_Institute_logo.png/110px-Virginia_Military_Institute_logo.png
Virginia Polytechnic Institute and State University,96,-80.423229,37.228572,Virginia Tech,NA,https://upload.wikimedia.org/wikipedia/commons/thumb/6/60/Virginia_Tech_Hokies_logo.svg/260px-Virginia_Tech_Hokies_logo.svg.png
Virginia State University,2,-77.419886,37.236453,Virginia St.,NA,https://upload.wikimedia.org/wikipedia/en/1/11/VSUTrojans.png
Virginia Union University,2,-77.450954,37.561864,Virginia Union,NA,https://upload.wikimedia.org/wikipedia/en/thumb/7/74/VUUPanthers.png/220px-VUUPanthers.png
Wake Forest University,34,-80.279004,36.135301,Wake Forest,NA,https://upload.wikimedia.org/wikipedia/commons/thumb/1/1a/Wake_Forest_University_Athletic_logo.svg/150px-Wake_Forest_University_Athletic_logo.svg.png
Wake Technical Community College,1,-78.706126,35.650151,Wake Technical CC,NA,https://upload.wikimedia.org/wikipedia/en/2/25/Wake_Tech_Logo.png
Washburn University,3,-95.702325,39.034977,Washburn,NA,https://upload.wikimedia.org/wikipedia/commons/thumb/a/a6/Washburn_University_Athletics_logo.svg/200px-Washburn_University_Athletics_logo.svg.png
Washington State University,58,-117.158168,46.730448,Washington St.,NA,https://upload.wikimedia.org/wikipedia/en/thumb/0/07/Washington_State_Cougars_logo.svg/160px-Washington_State_Cougars_logo.svg.png
Wayne State College,1,-97.014241,42.241612,Wayne State (NE),NA,https://upload.wikimedia.org/wikipedia/en/4/4b/WayneStWildcats.png
Weber State University,9,-111.948388,41.192021,Weber St.,NA,https://upload.wikimedia.org/wikipedia/en/thumb/f/f2/Weber_State_Wildcats_logo.svg/200px-Weber_State_Wildcats_logo.svg.png
West Chester University of Pennsylvania,3,-75.594631,39.949084,West Chester,NA,https://upload.wikimedia.org/wikipedia/en/e/e4/WCUGoldenRams.PNG
West Texas A & M University,4,-101.9158,34.981996,West Texas A&M,NA,https://upload.wikimedia.org/wikipedia/commons/thumb/a/a8/West_Texas_A%26M_Athletics_logo.svg/200px-West_Texas_A%26M_Athletics_logo.svg.png
West Virginia University,71,-79.953926,39.63468,West Virginia,NA,https://upload.wikimedia.org/wikipedia/commons/thumb/3/3e/West_Virginia_Flying_WV_logo.svg/175px-West_Virginia_Flying_WV_logo.svg.png
Western Carolina University,4,-83.182104,35.311102,West. Carolina,NA,https://upload.wikimedia.org/wikipedia/en/thumb/4/46/WCU_Catamounts.png/200px-WCU_Catamounts.png
Western Illinois University,11,-90.685235,40.465621,West. Illinois,NA,https://upload.wikimedia.org/wikipedia/en/thumb/1/16/Western_Illinois_Leathernecks_logo.svg/200px-Western_Illinois_Leathernecks_logo.svg.png
Western Kentucky University,9,-86.455898,36.985718,West. Kentucky,NA,https://upload.wikimedia.org/wikipedia/en/thumb/1/1d/WKU_Athletics_logo.svg/200px-WKU_Athletics_logo.svg.png
Western Michigan University,13,-85.61512,42.282589,West. Michigan,NA,https://upload.wikimedia.org/wikipedia/en/thumb/a/a6/Western_Michigan_Broncos_logo.svg/200px-Western_Michigan_Broncos_logo.svg.png
Western Oregon University,3,-123.238785,44.851866,West. Oregon,NA,https://upload.wikimedia.org/wikipedia/en/thumb/7/77/WOUWolves.png/200px-WOUWolves.png
Western Oregon University,3,-123.238785,44.851866,Western Oregon,NA,https://upload.wikimedia.org/wikipedia/en/thumb/7/77/WOUWolves.png/200px-WOUWolves.png
Whitworth University,1,-117.418078,47.753699,Whitworth (WA),NA,https://upload.wikimedia.org/wikipedia/en/4/40/Whitworth_university_logo_vertical.png
Widener University-Main Campus,1,-75.356718,39.86158,Widener,NA,https://upload.wikimedia.org/wikipedia/en/e/ec/Widener_University_Logo.PNG
Williams College,1,-73.205888,42.711669,Williams,NA,https://upload.wikimedia.org/wikipedia/commons/thumb/0/0d/Williams_Ephs_logo.png/220px-Williams_Ephs_logo.png
Wingate University,1,-80.444465,34.979384,Wingate,NA,https://upload.wikimedia.org/wikipedia/en/b/b5/Bulldog_Behind_W2.jpg
Winston-Salem State University,8,-80.224905,36.089197,Winston-Salem St.,NA,https://upload.wikimedia.org/wikipedia/en/thumb/9/94/Athletic_ram_color_full.png/100px-Athletic_ram_color_full.png
Yale University,4,-72.926688,41.311158,Yale,NA,https://upload.wikimedia.org/wikipedia/en/thumb/7/74/Yale_Bulldogs_Logo.svg/150px-Yale_Bulldogs_Logo.svg.png
Youngstown State University,4,-80.646515,41.105583,Youngstown St.,NA,https://upload.wikimedia.org/wikipedia/commons/thumb/8/84/Youngstown_State_Penguins_logo.svg/200px-Youngstown_State_Penguins_logo.svg.png